{
  "condition_id": "I11",
  "intervals": {
    "eligibility": {
      "lower_95": -0.15,
      "mean": 0.05,
      "n": 40.0,
      "upper_95": 0.25
    },
    "protected_error": {
      "lower_95": -0.009549696180555555,
      "mean": 0.009288194444444444,
      "n": 40.0,
      "upper_95": 0.02947157118055554
    }
  },
  "method": "paired_deterministic_bootstrap_2000_draws",
  "schema_version": "1.0.0"
}
