{
  "condition_id": "P15",
  "intervals": {
    "external_escalation": {
      "lower_95": -0.20572916666666666,
      "mean": -0.16666666666666666,
      "n": 384.0,
      "upper_95": -0.13020833333333334
    },
    "protected_error": {
      "lower_95": 0.0,
      "mean": 0.0,
      "n": 384.0,
      "upper_95": 0.0
    },
    "rounds": {
      "lower_95": -0.9791666666666666,
      "mean": -0.9166666666666666,
      "n": 384.0,
      "upper_95": -0.8489583333333334
    }
  },
  "method": "paired_deterministic_bootstrap_2000_draws",
  "schema_version": "1.0.0"
}
