{
  "blind_domains": [
    "text_safety",
    "tool_use",
    "cyber_triage",
    "financial_approval_proxy",
    "multi_agent_operations"
  ],
  "checkpoint_sha256": "48d35d9f49c306bcc17fbb490f864cad2bc8afaf07a3a30f930a25f91fc05319",
  "metrics": [
    {
      "adaptation_lag": 0.6666666666666666,
      "brier": 0.2522283858720643,
      "calibration_examples": 1500,
      "calls": 15000,
      "catastrophic_episode_rate": 0.0,
      "compute_normalized_loss": 0.17759,
      "condition": "cumulative",
      "configuration_switches": 0,
      "decisions": 15000,
      "dynamic_regret": 2663.85,
      "ece": 0.2199617367775957,
      "escalation_rate": 0.7289333333333333,
      "frr": 0.05133185349611543,
      "generation": 1,
      "governance_regret": 2663.85,
      "latency_ms": 15000.0,
      "memory_bytes": 12544,
      "method_name": "ctta_entropy",
      "recovery_lag": 29.153333333333332,
      "selector_accuracy": 0.6980666666666666,
      "tokens": 0,
      "uar": 0.1977077363896848,
      "update_operations": 1875,
      "wall_time_ms": 15000.0,
      "worst_decile_loss": 0.21939999999999998,
      "worst_world_loss": 0.27509999999999996
    },
    {
      "adaptation_lag": 0.6066666666666667,
      "brier": 0.2581123806113499,
      "calibration_examples": 1500,
      "calls": 15000,
      "catastrophic_episode_rate": 0.0,
      "compute_normalized_loss": 0.17620999999999998,
      "condition": "cumulative",
      "configuration_switches": 0,
      "decisions": 15000,
      "dynamic_regret": 2643.1499999999996,
      "ece": 0.2334556819720901,
      "escalation_rate": 0.73,
      "frr": 0.08777284498705143,
      "generation": 1,
      "governance_regret": 2643.1499999999996,
      "latency_ms": 15000.0,
      "memory_bytes": 12544,
      "method_name": "ctta_pseudo_label",
      "recovery_lag": 31.26,
      "selector_accuracy": 0.6838,
      "tokens": 0,
      "uar": 0.15926456542502387,
      "update_operations": 12011,
      "wall_time_ms": 15000.0,
      "worst_decile_loss": 0.21799999999999997,
      "worst_world_loss": 0.2756
    },
    {
      "adaptation_lag": 0.6266666666666667,
      "brier": 0.2595644633092192,
      "calibration_examples": 1500,
      "calls": 15000,
      "catastrophic_episode_rate": 0.0,
      "compute_normalized_loss": 0.17503666666666667,
      "condition": "cumulative",
      "configuration_switches": 0,
      "decisions": 15000,
      "dynamic_regret": 2625.55,
      "ece": 0.23855083849022257,
      "escalation_rate": 0.7364,
      "frr": 0.08919366715758469,
      "generation": 2,
      "governance_regret": 2625.55,
      "latency_ms": 15000.0,
      "memory_bytes": 12544,
      "method_name": "ctta_entropy",
      "recovery_lag": 31.506666666666668,
      "selector_accuracy": 0.6854,
      "tokens": 0,
      "uar": 0.1518375241779497,
      "update_operations": 1875,
      "wall_time_ms": 15000.0,
      "worst_decile_loss": 0.21223333333333336,
      "worst_world_loss": 0.23959999999999998
    },
    {
      "adaptation_lag": 0.9933333333333333,
      "brier": 0.2506126504183807,
      "calibration_examples": 1500,
      "calls": 15000,
      "catastrophic_episode_rate": 0.0,
      "compute_normalized_loss": 0.17781666666666668,
      "condition": "fresh",
      "configuration_switches": 0,
      "decisions": 15000,
      "dynamic_regret": 2667.25,
      "ece": 0.21854608304629897,
      "escalation_rate": 0.7241333333333333,
      "frr": 0.04114506627393225,
      "generation": 2,
      "governance_regret": 2667.25,
      "latency_ms": 15000.0,
      "memory_bytes": 12544,
      "method_name": "ctta_entropy",
      "recovery_lag": 28.52,
      "selector_accuracy": 0.7062,
      "tokens": 0,
      "uar": 0.2127659574468085,
      "update_operations": 1875,
      "wall_time_ms": 15000.0,
      "worst_decile_loss": 0.2205,
      "worst_world_loss": 0.2651
    },
    {
      "adaptation_lag": 0.3466666666666667,
      "brier": 0.27709153442052076,
      "calibration_examples": 1500,
      "calls": 15000,
      "catastrophic_episode_rate": 0.0,
      "compute_normalized_loss": 0.18315,
      "condition": "cumulative",
      "configuration_switches": 0,
      "decisions": 15000,
      "dynamic_regret": 2747.25,
      "ece": 0.2730750739789143,
      "escalation_rate": 0.6523333333333333,
      "frr": 0.24116347569955818,
      "generation": 2,
      "governance_regret": 2747.25,
      "latency_ms": 15000.0,
      "memory_bytes": 12544,
      "method_name": "ctta_pseudo_label",
      "recovery_lag": 34.093333333333334,
      "selector_accuracy": 0.6222,
      "tokens": 0,
      "uar": 0.08728239845261122,
      "update_operations": 12061,
      "wall_time_ms": 15000.0,
      "worst_decile_loss": 0.21109999999999998,
      "worst_world_loss": 0.22959999999999997
    },
    {
      "adaptation_lag": 0.6866666666666666,
      "brier": 0.2570458529391655,
      "calibration_examples": 1500,
      "calls": 15000,
      "catastrophic_episode_rate": 0.0,
      "compute_normalized_loss": 0.17501333333333333,
      "condition": "fresh",
      "configuration_switches": 0,
      "decisions": 15000,
      "dynamic_regret": 2625.2,
      "ece": 0.23350421337917962,
      "escalation_rate": 0.7342,
      "frr": 0.07593888070692194,
      "generation": 2,
      "governance_regret": 2625.2,
      "latency_ms": 15000.0,
      "memory_bytes": 12544,
      "method_name": "ctta_pseudo_label",
      "recovery_lag": 31.34,
      "selector_accuracy": 0.692,
      "tokens": 0,
      "uar": 0.16513539651837525,
      "update_operations": 12062,
      "wall_time_ms": 15000.0,
      "worst_decile_loss": 0.21480000000000002,
      "worst_world_loss": 0.23959999999999998
    },
    {
      "adaptation_lag": 0.4266666666666667,
      "brier": 0.2768290467866209,
      "calibration_examples": 1500,
      "calls": 15000,
      "catastrophic_episode_rate": 0.0,
      "compute_normalized_loss": 0.1821433333333333,
      "condition": "cumulative",
      "configuration_switches": 0,
      "decisions": 15000,
      "dynamic_regret": 2732.1499999999996,
      "ece": 0.27349492675267756,
      "escalation_rate": 0.6482666666666667,
      "frr": 0.23937833363987493,
      "generation": 3,
      "governance_regret": 2732.1499999999996,
      "latency_ms": 15000.0,
      "memory_bytes": 12544,
      "method_name": "ctta_entropy",
      "recovery_lag": 34.44,
      "selector_accuracy": 0.6244,
      "tokens": 0,
      "uar": 0.08749394086282114,
      "update_operations": 1875,
      "wall_time_ms": 15000.0,
      "worst_decile_loss": 0.21473333333333328,
      "worst_world_loss": 0.2441
    },
    {
      "adaptation_lag": 1.1733333333333333,
      "brier": 0.2527141074401249,
      "calibration_examples": 1500,
      "calls": 15000,
      "catastrophic_episode_rate": 0.0,
      "compute_normalized_loss": 0.17746333333333333,
      "condition": "fresh",
      "configuration_switches": 0,
      "decisions": 15000,
      "dynamic_regret": 2661.95,
      "ece": 0.22451361981401333,
      "escalation_rate": 0.7322,
      "frr": 0.051498988412727605,
      "generation": 3,
      "governance_regret": 2661.95,
      "latency_ms": 15000.0,
      "memory_bytes": 12544,
      "method_name": "ctta_entropy",
      "recovery_lag": 29.226666666666667,
      "selector_accuracy": 0.7004,
      "tokens": 0,
      "uar": 0.19801260300533205,
      "update_operations": 1875,
      "wall_time_ms": 15000.0,
      "worst_decile_loss": 0.21889999999999996,
      "worst_world_loss": 0.24509999999999998
    },
    {
      "adaptation_lag": 0.29333333333333333,
      "brier": 0.2958389674416134,
      "calibration_examples": 1500,
      "calls": 15000,
      "catastrophic_episode_rate": 0.0,
      "compute_normalized_loss": 0.19845666666666667,
      "condition": "cumulative",
      "configuration_switches": 0,
      "decisions": 15000,
      "dynamic_regret": 2976.85,
      "ece": 0.3062057582904808,
      "escalation_rate": 0.4976,
      "frr": 0.436361964318558,