{
  "condition_id": "P13",
  "intervals": {
    "external_escalation": {
      "lower_95": -0.203125,
      "mean": -0.16666666666666666,
      "n": 384.0,
      "upper_95": -0.13020833333333334
    },
    "protected_error": {
      "lower_95": 0.057291666666666664,
      "mean": 0.08333333333333333,
      "n": 384.0,
      "upper_95": 0.11197916666666667
    },
    "rounds": {
      "lower_95": 0.0,
      "mean": 0.0,
      "n": 384.0,
      "upper_95": 0.0
    }
  },
  "method": "paired_deterministic_bootstrap_2000_draws",
  "schema_version": "1.0.0"
}
