{
  "condition_id": "L7",
  "intervals": {
    "protected_error": {
      "lower_95": 0.0,
      "mean": 0.0,
      "n": 192.0,
      "upper_95": 0.0
    },
    "rounds": {
      "lower_95": 0.6822916666666666,
      "mean": 0.7447916666666666,
      "n": 192.0,
      "upper_95": 0.8020833333333334
    },
    "scope_leakage": {
      "lower_95": 0.0,
      "mean": 0.0,
      "n": 192.0,
      "upper_95": 0.0
    }
  },
  "method": "paired_deterministic_bootstrap_2000_draws",
  "schema_version": "1.0.0"
}
