{
  "condition_id": "P1",
  "intervals": {
    "external_escalation": {
      "lower_95": 0.7083333333333334,
      "mean": 0.75,
      "n": 384.0,
      "upper_95": 0.7917317708333329
    },
    "protected_error": {
      "lower_95": 0.0,
      "mean": 0.0,
      "n": 384.0,
      "upper_95": 0.0
    },
    "rounds": {
      "lower_95": -0.9765625,
      "mean": -0.9166666666666666,
      "n": 384.0,
      "upper_95": -0.8541015625000004
    }
  },
  "method": "paired_deterministic_bootstrap_2000_draws",
  "schema_version": "1.0.0"
}
