{
  "condition_id": "I3",
  "intervals": {
    "eligibility": {
      "lower_95": 0.35,
      "mean": 0.5,
      "n": 40.0,
      "upper_95": 0.65
    },
    "protected_error": {
      "lower_95": -0.02243923611111111,
      "mean": -0.011414930555555557,
      "n": 40.0,
      "upper_95": -0.0009103732638888948
    }
  },
  "method": "paired_deterministic_bootstrap_2000_draws",
  "schema_version": "1.0.0"
}
