{
  "condition_id": "L10",
  "intervals": {
    "protected_error": {
      "lower_95": 0.015625,
      "mean": 0.041666666666666664,
      "n": 192.0,
      "upper_95": 0.06770833333333333
    },
    "rounds": {
      "lower_95": 0.0,
      "mean": 0.0,
      "n": 192.0,
      "upper_95": 0.0
    },
    "scope_leakage": {
      "lower_95": 0.046875,
      "mean": 0.08333333333333333,
      "n": 192.0,
      "upper_95": 0.125
    }
  },
  "method": "paired_deterministic_bootstrap_2000_draws",
  "schema_version": "1.0.0"
}
