{
  "condition_id": "L1",
  "intervals": {
    "protected_error": {
      "lower_95": 0.0,
      "mean": 0.0,
      "n": 192.0,
      "upper_95": 0.0
    },
    "rounds": {
      "lower_95": 0.020833333333333332,
      "mean": 0.052083333333333336,
      "n": 192.0,
      "upper_95": 0.08854166666666667
    },
    "scope_leakage": {
      "lower_95": 0.0,
      "mean": 0.0,
      "n": 192.0,
      "upper_95": 0.0
    }
  },
  "method": "paired_deterministic_bootstrap_2000_draws",
  "schema_version": "1.0.0"
}
