family,treatment_point,baseline_point,paired_worlds,mean_reward_delta,mean_uar_delta,mean_frr_delta,mean_compute_delta,baseline_wins,mavs_sl_wins,ties,raw_p,confirmatory,holm_p,fwer_significant
mavs_lineage,mavs_sl.full_mavs_sl.cumulative.p00,mavs_lineage.context_selected_fixed.fixed.p00,1500,-0.24936533333333327,-0.011754846589701936,-0.024982865194027443,0.3737499999999999,1473,26,1,0.0,True,0.0,True
selective,mavs_sl.full_mavs_sl.cumulative.p00,selective.confidence.fixed.p00,1500,-0.19158666666666663,-0.009616626412304397,-0.023286731687597647,0.3993749999999999,1387,108,5,2.066544180359172e-283,True,1.033272090179586e-282,True
conformal,mavs_sl.full_mavs_sl.cumulative.p00,conformal.adaptive_conformal.cumulative.p00,1500,0.16150599999999998,0.011895805761448549,0.0029684360605193986,0.3405,339,1138,23,5.923501615483098e-101,True,5.923501615483098e-101,True
drift,mavs_sl.full_mavs_sl.cumulative.p00,drift.adwin.cumulative.p00,1500,0.14385799999999996,-0.019139748833671186,-0.0005880691022936957,0.3424999999999999,93,1401,6,2.9736148510666195e-300,True,1.7841689106399716e-299,True
online_experts,mavs_sl.full_mavs_sl.cumulative.p00,online_experts.contextual_bandit.cumulative.p00,1500,-0.2308053333333333,-0.057860471604600804,-0.006478591189891217,0.23249999999999996,1416,84,0,1.059908710444e-312,True,7.41936097311e-312,True
test_time_adaptation,mavs_sl.full_mavs_sl.cumulative.p00,test_time_adaptation.ctta_recovery.cumulative.p00,1500,-0.19298799999999994,-0.05401141948746029,-0.00785900482967104,0.10499999999999997,1351,149,0,1.4462569763480786e-242,True,5.7850279053923145e-242,True
pareto,mavs_sl.full_mavs_sl.cumulative.p00,pareto.epsilon_constraint.fixed.p00,1500,-0.1394953333333333,-0.018376155111149445,-0.007814605391072,0.19999999999999993,1246,223,31,2.0105739737933623e-172,True,6.031721921380086e-172,True
safe_control,mavs_sl.full_mavs_sl.cumulative.p00,safe_control.lagrangian_policy.fixed.p00,1500,-0.09537599999999997,-0.0013559267496285677,-0.045816501939334606,0.18999999999999997,1241,253,6,1.6596569110848434e-156,True,3.319313822169687e-156,True
