{
  "condition_id": "L2",
  "intervals": {
    "protected_error": {
      "lower_95": 0.0,
      "mean": 0.0,
      "n": 192.0,
      "upper_95": 0.0
    },
    "rounds": {
      "lower_95": 0.3177083333333333,
      "mean": 0.3854166666666667,
      "n": 192.0,
      "upper_95": 0.4583333333333333
    },
    "scope_leakage": {
      "lower_95": 0.0,
      "mean": 0.0,
      "n": 192.0,
      "upper_95": 0.0
    }
  },
  "method": "paired_deterministic_bootstrap_2000_draws",
  "schema_version": "1.0.0"
}
