{
  "condition_id": "I10",
  "intervals": {
    "eligibility": {
      "lower_95": 0.349375,
      "mean": 0.5,
      "n": 40.0,
      "upper_95": 0.65
    },
    "protected_error": {
      "lower_95": -0.007204861111111109,
      "mean": 0.00394965277777778,
      "n": 40.0,
      "upper_95": 0.014713541666666668
    }
  },
  "method": "paired_deterministic_bootstrap_2000_draws",
  "schema_version": "1.0.0"
}
