{
  "condition_id": "I4",
  "intervals": {
    "eligibility": {
      "lower_95": 0.0,
      "mean": 0.0,
      "n": 40.0,
      "upper_95": 0.0
    },
    "protected_error": {
      "lower_95": -0.021485460069444445,
      "mean": 0.006987847222222221,
      "n": 40.0,
      "upper_95": 0.034765625
    }
  },
  "method": "paired_deterministic_bootstrap_2000_draws",
  "schema_version": "1.0.0"
}
