{
  "condition_id": "I9",
  "intervals": {
    "eligibility": {
      "lower_95": 0.35,
      "mean": 0.5,
      "n": 40.0,
      "upper_95": 0.65
    },
    "protected_error": {
      "lower_95": 0.2748253038194444,
      "mean": 0.2855034722222222,
      "n": 40.0,
      "upper_95": 0.2962272135416667
    }
  },
  "method": "paired_deterministic_bootstrap_2000_draws",
  "schema_version": "1.0.0"
}
