{
  "condition_id": "P8",
  "intervals": {
    "external_escalation": {
      "lower_95": 0.0,
      "mean": 0.0,
      "n": 384.0,
      "upper_95": 0.0
    },
    "protected_error": {
      "lower_95": 0.09114583333333333,
      "mean": 0.125,
      "n": 384.0,
      "upper_95": 0.15885416666666666
    },
    "rounds": {
      "lower_95": -0.3958333333333333,
      "mean": -0.3333333333333333,
      "n": 384.0,
      "upper_95": -0.2708333333333333
    }
  },
  "method": "paired_deterministic_bootstrap_2000_draws",
  "schema_version": "1.0.0"
}
